,전출지별,전입지별,2017_x,2018_x,2019_x,2020_x,2021_x,거리,전입지 면적,2017_y,2018_y,2019_y,2020_y,2021_y,2017,2018,2019,2020,2021
0,부산광역시,서울특별시,19460,19737,20285,20990,20009,282.8250192,605243961.2,9857426,9765623,9729107,9668465,9509458,3470653,3441453,3413841,3391946,3350380
1,부산광역시,대구광역시,4506,4505,4220,4674,4720,72.91277432,883698218.6,2475231,2461769,2438031,2418346,2385412,3470653,3441453,3413841,3391946,3350380
2,부산광역시,인천광역시,2994,2902,3055,2980,2758,308.2897337,1066465187,2948542,2954642,2957026,2942828,2948375,3470653,3441453,3413841,3391946,3350380
3,부산광역시,광주광역시,1073,1011,992,1142,1139,243.8051835,501113181.6,1463770,1459336,1456468,1450062,1441611,3470653,3441453,3413841,3391946,3350380
4,부산광역시,대전광역시,2159,2180,2172,2144,2124,202.4381726,539503587.6,1502227,1489936,1474870,1463882,1452251,3470653,3441453,3413841,3391946,3350380
5,부산광역시,울산광역시,9423,9076,9084,9111,9112,39.8565568,1062327677,1165132,1155623,1148019,1136017,1121592,3470653,3441453,3413841,3391946,3350380
6,부산광역시,세종특별자치시,862,943,898,967,917,217.3274838,464918346.3,280100,314126,340575,355831,371895,3470653,3441453,3413841,3391946,3350380
7,부산광역시,경기도,15837,16705,16422,17440,17339,277.6196218,10196731503,12873895,13077153,13239666,13427014,13565450,3470653,3441453,3413841,3391946,3350380
8,부산광역시,강원도,2221,1943,2077,2102,2102,195.4064501,16829671465,1550142,1543052,1541502,1542840,1538492,3470653,3441453,3413841,3391946,3350380
9,부산광역시,충청북도,2050,1980,1897,1924,2041,192.0757057,7406988695,1594432,1599252,1600007,1600837,1597427,3470653,3441453,3413841,3391946,3350380
10,부산광역시,충청남도,3242,3053,3039,3006,3147,259.0192729,8246960405,2116770,2126282,2123709,2121029,2119257,3470653,3441453,3413841,3391946,3350380
11,부산광역시,전라북도,1566,1333,1443,1565,1460,231.7966556,8072147335,1854607,1836832,1818917,1804104,1786855,3470653,3441453,3413841,3391946,3350380
12,부산광역시,전라남도,3269,3369,3479,3373,3088,225.885413,12358940175,1896424,1882970,1868745,1851549,1832803,3470653,3441453,3413841,3391946,3350380
13,부산광역시,경상북도,9096,8763,8950,9042,9907,76.6850316,19034795138,2691706,2676831,2665836,2639422,2626609,3470653,3441453,3413841,3391946,3350380
14,부산광역시,경상남도,65114,53816,52284,52857,52489,56.61891522,10541895014,3380404,3373988,3362553,3340216,3314183,3470653,3441453,3413841,3391946,3350380
15,부산광역시,제주특별자치도,2993,2826,2651,2568,2717,304.8249441,1850278724,657083,667191,670989,674635,676759,3470653,3441453,3413841,3391946,3350380
16,대구광역시,서울특별시,13011,13749,14515,15216,14136,210.5496947,605243961.2,9857426,9765623,9729107,9668465,9509458,2475231,2461769,2438031,2418346,2385412
17,대구광역시,부산광역시,4840,4705,5166,5453,5058,72.91277432,770170750.8,3470653,3441453,3413841,3391946,3350380,2475231,2461769,2438031,2418346,2385412
18,대구광역시,인천광역시,1930,1968,2090,2112,2014,237.0663954,1066465187,2948542,2954642,2957026,2942828,2948375,2475231,2461769,2438031,2418346,2385412
19,대구광역시,광주광역시,515,549,575,624,630,194.8707958,501113181.6,1463770,1459336,1456468,1450062,1441611,2475231,2461769,2438031,2418346,2385412
20,대구광역시,대전광역시,1978,2067,2167,2254,2239,134.8400759,539503587.6,1502227,1489936,1474870,1463882,1452251,2475231,2461769,2438031,2418346,2385412
21,대구광역시,울산광역시,2604,2601,2830,2941,2729,87.09033747,1062327677,1165132,1155623,1148019,1136017,1121592,2475231,2461769,2438031,2418346,2385412
22,대구광역시,세종특별자치시,827,887,818,879,841,149.0526003,464918346.3,280100,314126,340575,355831,371895,2475231,2461769,2438031,2418346,2385412
23,대구광역시,경기도,12354,13227,13556,15024,14014,205.6091958,10196731503,12873895,13077153,13239666,13427014,13565450,2475231,2461769,2438031,2418346,2385412
24,대구광역시,강원도,1657,1676,1712,1947,1866,129.9752293,16829671465,1550142,1543052,1541502,1542840,1538492,2475231,2461769,2438031,2418346,2385412
25,대구광역시,충청북도,1824,2017,2172,2245,2284,120.0841883,7406988695,1594432,1599252,1600007,1600837,1597427,2475231,2461769,2438031,2418346,2385412
26,대구광역시,충청남도,2578,2510,2550,2644,2588,191.1789792,8246960405,2116770,2126282,2123709,2121029,2119257,2475231,2461769,2438031,2418346,2385412
27,대구광역시,전라북도,911,840,828,940,915,172.7418708,8072147335,1854607,1836832,1818917,1804104,1786855,2475231,2461769,2438031,2418346,2385412
28,대구광역시,전라남도,897,984,989,1044,1007,182.7423007,12358940175,1896424,1882970,1868745,1851549,1832803,2475231,2461769,2438031,2418346,2385412
29,대구광역시,경상북도,41714,42744,45417,45117,47632,30.82809233,19034795138,2691706,2676831,2665836,2639422,2626609,2475231,2461769,2438031,2418346,2385412
30,대구광역시,경상남도,7704,7684,8115,8214,8040,45.32872324,10541895014,3380404,3373988,3362553,3340216,3314183,2475231,2461769,2438031,2418346,2385412
31,대구광역시,제주특별자치도,1631,1571,1423,1361,1402,279.385616,1850278724,657083,667191,670989,674635,676759,2475231,2461769,2438031,2418346,2385412
32,인천광역시,서울특별시,32528,32415,34760,38409,34346,33.67272392,605243961.2,9857426,9765623,9729107,9668465,9509458,2948542,2954642,2957026,2942828,2948375
33,인천광역시,부산광역시,2620,2107,2165,2381,2150,308.2897337,770170750.8,3470653,3441453,3413841,3391946,3350380,2948542,2954642,2957026,2942828,2948375
34,인천광역시,대구광역시,1590,1502,1542,1577,1399,237.0663954,883698218.6,2475231,2461769,2438031,2418346,2385412,2948542,2954642,2957026,2942828,2948375
35,인천광역시,광주광역시,1518,1451,1349,1543,1422,157.1490984,501113181.6,1463770,1459336,1456468,1450062,1441611,2948542,2954642,2957026,2942828,2948375
36,인천광역시,대전광역시,2552,2263,2359,2476,2407,110.079271,539503587.6,1502227,1489936,1474870,1463882,1452251,2948542,2954642,2957026,2942828,2948375
37,인천광역시,울산광역시,962,778,757,793,840,322.5413622,1062327677,1165132,1155623,1148019,1136017,1121592,2948542,2954642,2957026,2942828,2948375
38,인천광역시,세종특별자치시,1265,1125,1186,1117,1038,94.96127006,464918346.3,280100,314126,340575,355831,371895,2948542,2954642,2957026,2942828,2948375
39,인천광역시,경기도,67838,72932,70868,81497,67980,34.41294774,10196731503,12873895,13077153,13239666,13427014,13565450,2948542,2954642,2957026,2942828,2948375
40,인천광역시,강원도,5396,5125,5190,5544,5421,175.5355725,16829671465,1550142,1543052,1541502,1542840,1538492,2948542,2954642,2957026,2942828,2948375
41,인천광역시,충청북도,4051,4191,3999,4268,4140,117.2261431,7406988695,1594432,1599252,1600007,1600837,1597427,2948542,2954642,2957026,2942828,2948375
42,인천광역시,충청남도,8730,8194,7671,8102,8302,61.60093359,8246960405,2116770,2126282,2123709,2121029,2119257,2948542,2954642,2957026,2942828,2948375
43,인천광역시,전라북도,3502,3087,2970,3321,3122,118.2102112,8072147335,1854607,1836832,1818917,1804104,1786855,2948542,2954642,2957026,2942828,2948375
44,인천광역시,전라남도,3205,3089,3227,3242,3112,178.9233974,12358940175,1896424,1882970,1868745,1851549,1832803,2948542,2954642,2957026,2942828,2948375
45,인천광역시,경상북도,3352,3173,3274,3394,3563,248.8373746,19034795138,2691706,2676831,2665836,2639422,2626609,2948542,2954642,2957026,2942828,2948375
46,인천광역시,경상남도,2919,2712,2700,2719,2817,259.4550868,10541895014,3380404,3373988,3362553,3340216,3314183,2948542,2954642,2957026,2942828,2948375
47,인천광역시,제주특별자치도,2713,2326,2253,2295,2342,269.6397498,1850278724,657083,667191,670989,674635,676759,2948542,2954642,2957026,2942828,2948375
48,광주광역시,서울특별시,10561,10859,10727,11232,10330,160.8880494,605243961.2,9857426,9765623,9729107,9668465,9509458,1463770,1459336,1456468,1450062,1441611
49,광주광역시,부산광역시,1135,1117,1102,1182,1128,243.8051835,770170750.8,3470653,3441453,3413841,3391946,3350380,1463770,1459336,1456468,1450062,1441611
50,광주광역시,대구광역시,647,614,545,555,568,194.8707958,883698218.6,2475231,2461769,2438031,2418346,2385412,1463770,1459336,1456468,1450062,1441611
51,광주광역시,인천광역시,2000,1993,2035,1887,1971,157.1490984,1066465187,2948542,2954642,2957026,2942828,2948375,1463770,1459336,1456468,1450062,1441611
52,광주광역시,대전광역시,1383,1475,1389,1519,1350,99.04368505,539503587.6,1502227,1489936,1474870,1463882,1452251,1463770,1459336,1456468,1450062,1441611
53,광주광역시,울산광역시,322,342,355,355,257,274.6563501,1062327677,1165132,1155623,1148019,1136017,1121592,1463770,1459336,1456468,1450062,1441611
54,광주광역시,세종특별자치시,777,897,754,837,794,100.3170844,464918346.3,280100,314126,340575,355831,371895,1463770,1459336,1456468,1450062,1441611
55,광주광역시,경기도,9812,10740,10264,10631,10116,153.1284576,10196731503,12873895,13077153,13239666,13427014,13565450,1463770,1459336,1456468,1450062,1441611
56,광주광역시,강원도,859,730,783,826,845,230.2849529,16829671465,1550142,1543052,1541502,1542840,1538492,1463770,1459336,1456468,1450062,1441611
57,광주광역시,충청북도,910,1028,1023,997,1067,136.4541884,7406988695,1594432,1599252,1600007,1600837,1597427,1463770,1459336,1456468,1450062,1441611
58,광주광역시,충청남도,1986,2016,1780,1954,1910,100.5014679,8246960405,2116770,2126282,2123709,2121029,2119257,1463770,1459336,1456468,1450062,1441611
59,광주광역시,전라북도,5288,5072,4940,5537,5239,46.69957382,8072147335,1854607,1836832,1818917,1804104,1786855,1463770,1459336,1456468,1450062,1441611
60,광주광역시,전라남도,35140,35234,33024,33145,31992,26.36465658,12358940175,1896424,1882970,1868745,1851549,1832803,1463770,1459336,1456468,1450062,1441611
61,광주광역시,경상북도,829,826,766,770,839,222.172144,19034795138,2691706,2676831,2665836,2639422,2626609,1463770,1459336,1456468,1450062,1441611
62,광주광역시,경상남도,1242,1284,1142,1233,1216,187.2673384,10541895014,3380404,3373988,3362553,3340216,3314183,1463770,1459336,1456468,1450062,1441611
63,광주광역시,제주특별자치도,1191,1178,1024,1069,982,120.1135352,1850278724,657083,667191,670989,674635,676759,1463770,1459336,1456468,1450062,1441611
64,대전광역시,서울특별시,14118,14221,14725,15116,13854,92.98881359,605243961.2,9857426,9765623,9729107,9668465,9509458,1502227,1489936,1474870,1463882,1452251
65,대전광역시,부산광역시,1762,1608,1743,1855,1796,202.4381726,770170750.8,3470653,3441453,3413841,3391946,3350380,1502227,1489936,1474870,1463882,1452251
66,대전광역시,대구광역시,1524,1525,1473,1608,1502,134.8400759,883698218.6,2475231,2461769,2438031,2418346,2385412,1502227,1489936,1474870,1463882,1452251
67,대전광역시,인천광역시,2458,2577,2567,2594,2511,110.079271,1066465187,2948542,2954642,2957026,2942828,2948375,1502227,1489936,1474870,1463882,1452251
68,대전광역시,광주광역시,1026,1135,1091,1150,1124,99.04368505,501113181.6,1463770,1459336,1456468,1450062,1441611,1502227,1489936,1474870,1463882,1452251
69,대전광역시,울산광역시,621,595,641,700,601,221.9300878,1062327677,1165132,1155623,1148019,1136017,1121592,1502227,1489936,1474870,1463882,1452251
70,대전광역시,세종특별자치시,23707,22180,20314,15425,14044,15.24572808,464918346.3,280100,314126,340575,355831,371895,1502227,1489936,1474870,1463882,1452251
71,대전광역시,경기도,14807,15399,16320,16584,16071,85.77273546,10196731503,12873895,13077153,13239666,13427014,13565450,1502227,1489936,1474870,1463882,1452251
72,대전광역시,강원도,2302,2094,2297,2217,2251,132.0642287,16829671465,1550142,1543052,1541502,1542840,1538492,1502227,1489936,1474870,1463882,1452251
73,대전광역시,충청북도,7653,7902,8280,8869,8738,37.72433475,7406988695,1594432,1599252,1600007,1600837,1597427,1502227,1489936,1474870,1463882,1452251
74,대전광역시,충청남도,15321,14673,14453,15797,15288,56.62676733,8246960405,2116770,2126282,2123709,2121029,2119257,1502227,1489936,1474870,1463882,1452251
75,대전광역시,전라북도,3627,3358,3424,3816,3703,55.48310383,8072147335,1854607,1836832,1818917,1804104,1786855,1502227,1489936,1474870,1463882,1452251
76,대전광역시,전라남도,1603,1569,1719,1610,1682,106.421164,12358940175,1896424,1882970,1868745,1851549,1832803,1502227,1489936,1474870,1463882,1452251
77,대전광역시,경상북도,2600,2599,2834,2680,2905,153.4843584,19034795138,2691706,2676831,2665836,2639422,2626609,1502227,1489936,1474870,1463882,1452251
78,대전광역시,경상남도,2004,2063,2046,1981,2031,150.8021005,10541895014,3380404,3373988,3362553,3340216,3314183,1502227,1489936,1474870,1463882,1452251
79,대전광역시,제주특별자치도,835,816,844,836,860,216.817988,1850278724,657083,667191,670989,674635,676759,1502227,1489936,1474870,1463882,1452251
80,울산광역시,서울특별시,6708,6849,6955,7062,6686,294.5278485,605243961.2,9857426,9765623,9729107,9668465,9509458,1165132,1155623,1148019,1136017,1121592
81,울산광역시,부산광역시,10467,9667,9534,11595,10253,39.8565568,770170750.8,3470653,3441453,3413841,3391946,3350380,1165132,1155623,1148019,1136017,1121592
82,울산광역시,대구광역시,3335,3056,2856,3242,2815,87.09033747,883698218.6,2475231,2461769,2438031,2418346,2385412,1165132,1155623,1148019,1136017,1121592
83,울산광역시,인천광역시,1033,1095,1199,1053,1015,322.5413622,1066465187,2948542,2954642,2957026,2942828,2948375,1165132,1155623,1148019,1136017,1121592
84,울산광역시,광주광역시,392,409,308,372,352,274.6563501,501113181.6,1463770,1459336,1456468,1450062,1441611,1165132,1155623,1148019,1136017,1121592
85,울산광역시,대전광역시,907,844,797,865,843,221.9300878,539503587.6,1502227,1489936,1474870,1463882,1452251,1165132,1155623,1148019,1136017,1121592
86,울산광역시,세종특별자치시,352,361,335,336,328,236.1084668,464918346.3,280100,314126,340575,355831,371895,1165132,1155623,1148019,1136017,1121592
87,울산광역시,경기도,6435,6660,6918,6907,7027,290.1576552,10196731503,12873895,13077153,13239666,13427014,13565450,1165132,1155623,1148019,1136017,1121592
88,울산광역시,강원도,947,927,950,992,987,189.5641589,16829671465,1550142,1543052,1541502,1542840,1538492,1165132,1155623,1148019,1136017,1121592
89,울산광역시,충청북도,977,1193,1036,974,1165,205.3345892,7406988695,1594432,1599252,1600007,1600837,1597427,1165132,1155623,1148019,1136017,1121592
90,울산광역시,충청남도,1648,1660,1489,1630,1673,278.2386505,8246960405,2116770,2126282,2123709,2121029,2119257,1165132,1155623,1148019,1136017,1121592
91,울산광역시,전라북도,740,697,737,719,609,257.7286677,8072147335,1854607,1836832,1818917,1804104,1786855,1165132,1155623,1148019,1136017,1121592
92,울산광역시,전라남도,1175,1091,1088,1093,951,258.670561,12358940175,1896424,1882970,1868745,1851549,1832803,1165132,1155623,1148019,1136017,1121592
93,울산광역시,경상북도,7875,8911,8023,9062,9892,75.45059106,19034795138,2691706,2676831,2665836,2639422,2626609,1165132,1155623,1148019,1136017,1121592
94,울산광역시,경상남도,8521,7671,7278,7409,7871,89.41058823,10541895014,3380404,3373988,3362553,3340216,3314183,1165132,1155623,1148019,1136017,1121592
95,울산광역시,제주특별자치도,815,793,742,748,619,342.4907071,1850278724,657083,667191,670989,674635,676759,1165132,1155623,1148019,1136017,1121592
96,세종특별자치시,서울특별시,3195,3724,4488,5107,4662,79.22598199,605243961.2,9857426,9765623,9729107,9668465,9509458,280100,314126,340575,355831,371895
97,세종특별자치시,부산광역시,443,530,577,600,573,217.3274838,770170750.8,3470653,3441453,3413841,3391946,3350380,280100,314126,340575,355831,371895
98,세종특별자치시,대구광역시,340,377,461,511,464,149.0526003,883698218.6,2475231,2461769,2438031,2418346,2385412,280100,314126,340575,355831,371895
99,세종특별자치시,인천광역시,632,771,901,901,777,94.96127006,1066465187,2948542,2954642,2957026,2942828,2948375,280100,314126,340575,355831,371895
100,세종특별자치시,광주광역시,326,314,386,507,460,100.3170844,501113181.6,1463770,1459336,1456468,1450062,1441611,280100,314126,340575,355831,371895
101,세종특별자치시,대전광역시,5871,6365,7032,8254,7376,15.24572808,539503587.6,1502227,1489936,1474870,1463882,1452251,280100,314126,340575,355831,371895
102,세종특별자치시,울산광역시,119,131,180,170,179,236.1084668,1062327677,1165132,1155623,1148019,1136017,1121592,280100,314126,340575,355831,371895
103,세종특별자치시,경기도,3755,4322,5070,5728,5276,71.78156946,10196731503,12873895,13077153,13239666,13427014,13565450,280100,314126,340575,355831,371895
104,세종특별자치시,강원도,482,449,581,616,633,135.3835864,16829671465,1550142,1543052,1541502,1542840,1538492,280100,314126,340575,355831,371895
105,세종특별자치시,충청북도,2815,2973,3388,5253,4128,42.67579926,7406988695,1594432,1599252,1600007,1600837,1597427,280100,314126,340575,355831,371895
106,세종특별자치시,충청남도,3881,4167,4330,5105,5226,42.13028288,8246960405,2116770,2126282,2123709,2121029,2119257,280100,314126,340575,355831,371895
107,세종특별자치시,전라북도,707,689,828,973,907,54.22965081,8072147335,1854607,1836832,1818917,1804104,1786855,280100,314126,340575,355831,371895
108,세종특별자치시,전라남도,369,444,489,516,532,111.2391444,12358940175,1896424,1882970,1868745,1851549,1832803,280100,314126,340575,355831,371895
109,세종특별자치시,경상북도,452,556,679,673,676,166.5901154,19034795138,2691706,2676831,2665836,2639422,2626609,280100,314126,340575,355831,371895
110,세종특별자치시,경상남도,488,464,624,649,604,165.9898183,10541895014,3380404,3373988,3362553,3340216,3314183,280100,314126,340575,355831,371895
111,세종특별자치시,제주특별자치도,263,274,279,301,317,219.8853795,1850278724,657083,667191,670989,674635,676759,280100,314126,340575,355831,371895
112,경기도,서울특별시,234448,233320,242339,266375,237206,7.914201399,605243961.2,9857426,9765623,9729107,9668465,9509458,12873895,13077153,13239666,13427014,13565450
113,경기도,부산광역시,12853,11904,11272,11883,12003,277.6196218,770170750.8,3470653,3441453,3413841,3391946,3350380,12873895,13077153,13239666,13427014,13565450
114,경기도,대구광역시,8872,8920,8250,8641,8725,205.6091958,883698218.6,2475231,2461769,2438031,2418346,2385412,12873895,13077153,13239666,13427014,13565450
115,경기도,인천광역시,61797,63361,62673,64709,70208,34.41294774,1066465187,2948542,2954642,2957026,2942828,2948375,12873895,13077153,13239666,13427014,13565450
116,경기도,광주광역시,7739,7417,7296,7318,7264,153.1284576,501113181.6,1463770,1459336,1456468,1450062,1441611,12873895,13077153,13239666,13427014,13565450
117,경기도,대전광역시,13935,13412,13072,12730,13056,85.77273546,539503587.6,1502227,1489936,1474870,1463882,1452251,12873895,13077153,13239666,13427014,13565450
118,경기도,울산광역시,3810,3960,3967,4016,4026,290.1576552,1062327677,1165132,1155623,1148019,1136017,1121592,12873895,13077153,13239666,13427014,13565450
119,경기도,세종특별자치시,7006,7139,6923,6130,6272,71.78156946,464918346.3,280100,314126,340575,355831,371895,12873895,13077153,13239666,13427014,13565450
120,경기도,강원도,28698,27502,28229,29381,30583,141.8273577,16829671465,1550142,1543052,1541502,1542840,1538492,12873895,13077153,13239666,13427014,13565450
121,경기도,충청북도,22486,23057,21705,22158,23086,85.57394012,7406988695,1594432,1599252,1600007,1600837,1597427,12873895,13077153,13239666,13427014,13565450
122,경기도,충청남도,39295,37148,33393,35944,37868,52.7406736,8246960405,2116770,2126282,2123709,2121029,2119257,12873895,13077153,13239666,13427014,13565450
123,경기도,전라북도,16612,14759,14014,14549,14754,108.9430177,8072147335,1854607,1836832,1818917,1804104,1786855,12873895,13077153,13239666,13427014,13565450
124,경기도,전라남도,14431,14325,13781,13762,13481,171.3976643,12358940175,1896424,1882970,1868745,1851549,1832803,12873895,13077153,13239666,13427014,13565450
125,경기도,경상북도,16077,15073,15618,15533,17422,215.8622587,19034795138,2691706,2676831,2665836,2639422,2626609,12873895,13077153,13239666,13427014,13565450
126,경기도,경상남도,13661,13428,13119,13348,13682,230.7411399,10541895014,3380404,3373988,3362553,3340216,3314183,12873895,13077153,13239666,13427014,13565450
127,경기도,제주특별자치도,11255,10394,8937,9661,10246,271.0805982,1850278724,657083,667191,670989,674635,676759,12873895,13077153,13239666,13427014,13565450
128,강원도,서울특별시,19761,20417,19895,20048,19259,141.9150137,605243961.2,9857426,9765623,9729107,9668465,9509458,1550142,1543052,1541502,1542840,1538492
129,강원도,부산광역시,2028,1935,1811,1814,1816,195.4064501,770170750.8,3470653,3441453,3413841,3391946,3350380,1550142,1543052,1541502,1542840,1538492
130,강원도,대구광역시,1536,1643,1435,1495,1485,129.9752293,883698218.6,2475231,2461769,2438031,2418346,2385412,1550142,1543052,1541502,1542840,1538492
131,강원도,인천광역시,4663,4832,4596,4353,4520,175.5355725,1066465187,2948542,2954642,2957026,2942828,2948375,1550142,1543052,1541502,1542840,1538492
132,강원도,광주광역시,730,711,626,685,728,230.2849529,501113181.6,1463770,1459336,1456468,1450062,1441611,1550142,1543052,1541502,1542840,1538492
133,강원도,대전광역시,2682,2529,2471,2344,2462,132.0642287,539503587.6,1502227,1489936,1474870,1463882,1452251,1550142,1543052,1541502,1542840,1538492
134,강원도,울산광역시,766,737,684,688,694,189.5641589,1062327677,1165132,1155623,1148019,1136017,1121592,1550142,1543052,1541502,1542840,1538492
135,강원도,세종특별자치시,797,870,688,770,837,135.3835864,464918346.3,280100,314126,340575,355831,371895,1550142,1543052,1541502,1542840,1538492
136,강원도,경기도,27656,29402,27835,28504,28284,141.8273577,10196731503,12873895,13077153,13239666,13427014,13565450,1550142,1543052,1541502,1542840,1538492
137,강원도,충청북도,4764,4650,4457,4217,4417,94.34937035,7406988695,1594432,1599252,1600007,1600837,1597427,1550142,1543052,1541502,1542840,1538492
138,강원도,충청남도,3645,3373,2996,3299,3499,164.1032625,8246960405,2116770,2126282,2123709,2121029,2119257,1550142,1543052,1541502,1542840,1538492
139,강원도,전라북도,1378,1289,1190,1281,1280,187.4839061,8072147335,1854607,1836832,1818917,1804104,1786855,1550142,1543052,1541502,1542840,1538492
140,강원도,전라남도,1405,1290,1512,1313,1268,233.3616865,12358940175,1896424,1882970,1868745,1851549,1832803,1550142,1543052,1541502,1542840,1538492
141,강원도,경상북도,3587,3361,3224,2958,3245,118.8544285,19034795138,2691706,2676831,2665836,2639422,2626609,1550142,1543052,1541502,1542840,1538492
142,강원도,경상남도,2312,2192,2078,2268,2175,173.581565,10541895014,3380404,3373988,3362553,3340216,3314183,1550142,1543052,1541502,1542840,1538492
143,강원도,제주특별자치도,945,935,786,797,808,344.3771657,1850278724,657083,667191,670989,674635,676759,1550142,1543052,1541502,1542840,1538492
144,충청북도,서울특별시,12961,13783,13806,14574,13521,90.788624,605243961.2,9857426,9765623,9729107,9668465,9509458,1594432,1599252,1600007,1600837,1597427
145,충청북도,부산광역시,1660,1406,1470,1616,1581,192.0757057,770170750.8,3470653,3441453,3413841,3391946,3350380,1594432,1599252,1600007,1600837,1597427
146,충청북도,대구광역시,1443,1450,1530,1548,1600,120.0841883,883698218.6,2475231,2461769,2438031,2418346,2385412,1594432,1599252,1600007,1600837,1597427
147,충청북도,인천광역시,3416,3394,3463,3385,3372,117.2261431,1066465187,2948542,2954642,2957026,2942828,2948375,1594432,1599252,1600007,1600837,1597427
148,충청북도,광주광역시,680,729,798,769,864,136.4541884,501113181.6,1463770,1459336,1456468,1450062,1441611,1594432,1599252,1600007,1600837,1597427
149,충청북도,대전광역시,8014,7905,7866,8343,8682,37.72433475,539503587.6,1502227,1489936,1474870,1463882,1452251,1594432,1599252,1600007,1600837,1597427
150,충청북도,울산광역시,633,576,669,688,715,205.3345892,1062327677,1165132,1155623,1148019,1136017,1121592,1594432,1599252,1600007,1600837,1597427
151,충청북도,세종특별자치시,6270,5978,4948,5261,5277,42.67579926,464918346.3,280100,314126,340575,355831,371895,1594432,1599252,1600007,1600837,1597427
152,충청북도,경기도,19833,20949,21135,22133,22647,85.57394012,10196731503,12873895,13077153,13239666,13427014,13565450,1594432,1599252,1600007,1600837,1597427
153,충청북도,강원도,4581,4089,4489,4615,4627,94.34937035,16829671465,1550142,1543052,1541502,1542840,1538492,1594432,1599252,1600007,1600837,1597427
154,충청북도,충청남도,6387,6087,6182,6817,6742,79.6904995,8246960405,2116770,2126282,2123709,2121029,2119257,1594432,1599252,1600007,1600837,1597427
155,충청북도,전라북도,1770,1696,1775,1883,1961,93.14271592,8072147335,1854607,1836832,1818917,1804104,1786855,1594432,1599252,1600007,1600837,1597427
156,충청북도,전라남도,1232,1133,1168,1474,1266,141.9428933,12358940175,1896424,1882970,1868745,1851549,1832803,1594432,1599252,1600007,1600837,1597427
157,충청북도,경상북도,3475,3122,3629,3493,3892,132.1762692,19034795138,2691706,2676831,2665836,2639422,2626609,1594432,1599252,1600007,1600837,1597427
158,충청북도,경상남도,1726,1731,1714,1896,1826,146.6384443,10541895014,3380404,3373988,3362553,3340216,3314183,1594432,1599252,1600007,1600837,1597427
159,충청북도,제주특별자치도,1009,839,805,793,835,252.9781929,1850278724,657083,667191,670989,674635,676759,1594432,1599252,1600007,1600837,1597427
160,충청남도,서울특별시,18582,19427,20484,21398,19358,60.42985457,605243961.2,9857426,9765623,9729107,9668465,9509458,2116770,2126282,2123709,2121029,2119257
161,충청남도,부산광역시,2303,2086,2143,2334,2293,259.0192729,770170750.8,3470653,3441453,3413841,3391946,3350380,2116770,2126282,2123709,2121029,2119257
162,충청남도,대구광역시,1754,1737,1741,1866,1780,191.1789792,883698218.6,2475231,2461769,2438031,2418346,2385412,2116770,2126282,2123709,2121029,2119257
163,충청남도,인천광역시,6251,6365,6599,6775,6636,61.60093359,1066465187,2948542,2954642,2957026,2942828,2948375,2116770,2126282,2123709,2121029,2119257
164,충청남도,광주광역시,1447,1435,1417,1432,1506,100.5014679,501113181.6,1463770,1459336,1456468,1450062,1441611,2116770,2126282,2123709,2121029,2119257
165,충청남도,대전광역시,15082,15349,15026,15978,14739,56.62676733,539503587.6,1502227,1489936,1474870,1463882,1452251,2116770,2126282,2123709,2121029,2119257
166,충청남도,울산광역시,947,1008,976,974,1014,278.2386505,1062327677,1165132,1155623,1148019,1136017,1121592,2116770,2126282,2123709,2121029,2119257
167,충청남도,세종특별자치시,6587,6698,6495,6748,6307,42.13028288,464918346.3,280100,314126,340575,355831,371895,2116770,2126282,2123709,2121029,2119257
168,충청남도,경기도,31357,34619,36585,39591,37709,52.7406736,10196731503,12873895,13077153,13239666,13427014,13565450,2116770,2126282,2123709,2121029,2119257
169,충청남도,강원도,2868,2935,2867,3193,3084,164.1032625,16829671465,1550142,1543052,1541502,1542840,1538492,2116770,2126282,2123709,2121029,2119257
170,충청남도,충청북도,5828,5848,6079,6701,6721,79.6904995,7406988695,1594432,1599252,1600007,1600837,1597427,2116770,2126282,2123709,2121029,2119257
171,충청남도,전라북도,5257,5332,5331,5881,5545,57.66212586,8072147335,1854607,1836832,1818917,1804104,1786855,2116770,2126282,2123709,2121029,2119257
172,충청남도,전라남도,2481,2584,2834,2648,2724,119.7577317,12358940175,1896424,1882970,1868745,1851549,1832803,2116770,2126282,2123709,2121029,2119257
173,충청남도,경상북도,2907,2982,2987,3160,3488,208.3639384,19034795138,2691706,2676831,2665836,2639422,2626609,2116770,2126282,2123709,2121029,2119257
174,충청남도,경상남도,2804,2986,2953,3173,3151,206.7738691,10541895014,3380404,3373988,3362553,3340216,3314183,2116770,2126282,2123709,2121029,2119257
175,충청남도,제주특별자치도,1270,1165,1114,1168,1109,218.4508568,1850278724,657083,667191,670989,674635,676759,2116770,2126282,2123709,2121029,2119257
176,전라북도,서울특별시,14930,15664,15267,15153,13736,116.8300123,605243961.2,9857426,9765623,9729107,9668465,9509458,1854607,1836832,1818917,1804104,1786855
177,전라북도,부산광역시,1545,1344,1357,1364,1274,231.7966556,770170750.8,3470653,3441453,3413841,3391946,3350380,1854607,1836832,1818917,1804104,1786855
178,전라북도,대구광역시,816,863,796,900,852,172.7418708,883698218.6,2475231,2461769,2438031,2418346,2385412,1854607,1836832,1818917,1804104,1786855
179,전라북도,인천광역시,3516,3724,3667,3774,3252,118.2102112,1066465187,2948542,2954642,2957026,2942828,2948375,1854607,1836832,1818917,1804104,1786855
180,전라북도,광주광역시,5676,6186,5937,5797,5689,46.69957382,501113181.6,1463770,1459336,1456468,1450062,1441611,1854607,1836832,1818917,1804104,1786855
181,전라북도,대전광역시,4604,4634,4455,4462,4219,55.48310383,539503587.6,1502227,1489936,1474870,1463882,1452251,1854607,1836832,1818917,1804104,1786855
182,전라북도,울산광역시,1288,1099,845,783,575,257.7286677,1062327677,1165132,1155623,1148019,1136017,1121592,1854607,1836832,1818917,1804104,1786855
183,전라북도,세종특별자치시,1551,1574,1474,1548,1455,54.22965081,464918346.3,280100,314126,340575,355831,371895,1854607,1836832,1818917,1804104,1786855
184,전라북도,경기도,18075,18439,17640,17805,16900,108.9430177,10196731503,12873895,13077153,13239666,13427014,13565450,1854607,1836832,1818917,1804104,1786855
185,전라북도,강원도,1543,1326,1448,1319,1389,187.4839061,16829671465,1550142,1543052,1541502,1542840,1538492,1854607,1836832,1818917,1804104,1786855
186,전라북도,충청북도,2195,2415,2295,2265,2411,93.14271592,7406988695,1594432,1599252,1600007,1600837,1597427,1854607,1836832,1818917,1804104,1786855
187,전라북도,충청남도,6156,6310,6018,6540,6156,57.66212586,8246960405,2116770,2126282,2123709,2121029,2119257,1854607,1836832,1818917,1804104,1786855
188,전라북도,전라남도,5458,5690,5617,5199,5160,62.4546605,12358940175,1896424,1882970,1868745,1851549,1832803,1854607,1836832,1818917,1804104,1786855
189,전라북도,경상북도,1339,1352,1402,1306,1472,196.5508748,19034795138,2691706,2676831,2665836,2639422,2626609,1854607,1836832,1818917,1804104,1786855
190,전라북도,경상남도,2109,2000,1909,1825,1841,175.9435263,10541895014,3380404,3373988,3362553,3340216,3314183,1854607,1836832,1818917,1804104,1786855
191,전라북도,제주특별자치도,1114,1131,1039,1079,898,166.8046103,1850278724,657083,667191,670989,674635,676759,1854607,1836832,1818917,1804104,1786855
192,전라남도,서울특별시,13665,13915,13894,14082,12125,179.2841689,605243961.2,9857426,9765623,9729107,9668465,9509458,1896424,1882970,1868745,1851549,1832803
193,전라남도,부산광역시,3184,3077,3124,3276,2959,225.885413,770170750.8,3470653,3441453,3413841,3391946,3350380,1896424,1882970,1868745,1851549,1832803
194,전라남도,대구광역시,905,1021,878,996,869,182.7423007,883698218.6,2475231,2461769,2438031,2418346,2385412,1896424,1882970,1868745,1851549,1832803
195,전라남도,인천광역시,3466,3509,3435,3538,3219,178.9233974,1066465187,2948542,2954642,2957026,2942828,2948375,1896424,1882970,1868745,1851549,1832803
196,전라남도,광주광역시,33884,37201,37142,35936,33287,26.36465658,501113181.6,1463770,1459336,1456468,1450062,1441611,1896424,1882970,1868745,1851549,1832803
197,전라남도,대전광역시,2000,2027,2053,1977,1947,106.421164,539503587.6,1502227,1489936,1474870,1463882,1452251,1896424,1882970,1868745,1851549,1832803
198,전라남도,울산광역시,889,877,964,939,829,258.670561,1062327677,1165132,1155623,1148019,1136017,1121592,1896424,1882970,1868745,1851549,1832803
199,전라남도,세종특별자치시,717,871,825,821,745,111.2391444,464918346.3,280100,314126,340575,355831,371895,1896424,1882970,1868745,1851549,1832803
200,전라남도,경기도,15149,16170,15942,16164,14973,171.3976643,10196731503,12873895,13077153,13239666,13427014,13565450,1896424,1882970,1868745,1851549,1832803
201,전라남도,강원도,1478,1383,1469,1576,1514,233.3616865,16829671465,1550142,1543052,1541502,1542840,1538492,1896424,1882970,1868745,1851549,1832803
202,전라남도,충청북도,1480,1524,1499,1629,1495,141.9428933,7406988695,1594432,1599252,1600007,1600837,1597427,1896424,1882970,1868745,1851549,1832803
203,전라남도,충청남도,3523,3511,3393,3466,3475,119.7577317,8246960405,2116770,2126282,2123709,2121029,2119257,1896424,1882970,1868745,1851549,1832803
204,전라남도,전라북도,5893,5587,5448,5884,5387,62.4546605,8072147335,1854607,1836832,1818917,1804104,1786855,1896424,1882970,1868745,1851549,1832803
205,전라남도,경상북도,1745,1652,1632,1782,1834,211.5355468,19034795138,2691706,2676831,2665836,2639422,2626609,1896424,1882970,1868745,1851549,1832803
206,전라남도,경상남도,3977,3826,3932,4222,3729,169.8964687,10541895014,3380404,3373988,3362553,3340216,3314183,1896424,1882970,1868745,1851549,1832803
207,전라남도,제주특별자치도,1424,1290,1227,1269,1148,111.1667149,1850278724,657083,667191,670989,674635,676759,1896424,1882970,1868745,1851549,1832803
208,경상북도,서울특별시,15681,16459,16887,17936,16098,219.9093462,605243961.2,9857426,9765623,9729107,9668465,9509458,2691706,2676831,2665836,2639422,2626609
209,경상북도,부산광역시,8896,8589,9030,9854,9254,76.6850316,770170750.8,3470653,3441453,3413841,3391946,3350380,2691706,2676831,2665836,2639422,2626609
210,경상북도,대구광역시,39231,40245,38513,44383,38560,30.82809233,883698218.6,2475231,2461769,2438031,2418346,2385412,2691706,2676831,2665836,2639422,2626609
211,경상북도,인천광역시,3488,3662,3665,3822,3569,248.8373746,1066465187,2948542,2954642,2957026,2942828,2948375,2691706,2676831,2665836,2639422,2626609
212,경상북도,광주광역시,784,841,780,812,780,222.172144,501113181.6,1463770,1459336,1456468,1450062,1441611,2691706,2676831,2665836,2639422,2626609
213,경상북도,대전광역시,3473,3511,3490,3839,3792,153.4843584,539503587.6,1502227,1489936,1474870,1463882,1452251,2691706,2676831,2665836,2639422,2626609
214,경상북도,울산광역시,6386,6160,6742,6886,6631,75.45059106,1062327677,1165132,1155623,1148019,1136017,1121592,2691706,2676831,2665836,2639422,2626609
215,경상북도,세종특별자치시,1008,1117,1140,1219,1087,166.5901154,464918346.3,280100,314126,340575,355831,371895,2691706,2676831,2665836,2639422,2626609
216,경상북도,경기도,19731,20957,20502,23122,22094,215.8622587,10196731503,12873895,13077153,13239666,13427014,13565450,2691706,2676831,2665836,2639422,2626609
217,경상북도,강원도,3474,3420,3493,3692,3641,118.8544285,16829671465,1550142,1543052,1541502,1542840,1538492,2691706,2676831,2665836,2639422,2626609
218,경상북도,충청북도,4044,4407,4166,4723,4483,132.1762692,7406988695,1594432,1599252,1600007,1600837,1597427,2691706,2676831,2665836,2639422,2626609
219,경상북도,충청남도,4246,4256,3973,4413,4195,208.3639384,8246960405,2116770,2126282,2123709,2121029,2119257,2691706,2676831,2665836,2639422,2626609
220,경상북도,전라북도,1390,1289,1383,1498,1446,196.5508748,8072147335,1854607,1836832,1818917,1804104,1786855,2691706,2676831,2665836,2639422,2626609
221,경상북도,전라남도,1688,1695,1874,1898,1694,211.5355468,12358940175,1896424,1882970,1868745,1851549,1832803,2691706,2676831,2665836,2639422,2626609
222,경상북도,경상남도,8530,8377,8415,8727,8508,70.82342591,10541895014,3380404,3373988,3362553,3340216,3314183,2691706,2676831,2665836,2639422,2626609
223,경상북도,제주특별자치도,1357,1531,1330,1377,1287,309.8992406,1850278724,657083,667191,670989,674635,676759,2691706,2676831,2665836,2639422,2626609
224,경상남도,서울특별시,17312,17872,18326,18612,17299,236.6554885,605243961.2,9857426,9765623,9729107,9668465,9509458,3380404,3373988,3362553,3340216,3314183
225,경상남도,부산광역시,47218,42235,44084,50590,48583,56.61891522,770170750.8,3470653,3441453,3413841,3391946,3350380,3380404,3373988,3362553,3340216,3314183
226,경상남도,대구광역시,8646,8601,8107,9310,8260,45.32872324,883698218.6,2475231,2461769,2438031,2418346,2385412,3380404,3373988,3362553,3340216,3314183
227,경상남도,인천광역시,3390,3279,3471,3408,3318,259.4550868,1066465187,2948542,2954642,2957026,2942828,2948375,3380404,3373988,3362553,3340216,3314183
228,경상남도,광주광역시,1344,1496,1157,1365,1426,187.2673384,501113181.6,1463770,1459336,1456468,1450062,1441611,3380404,3373988,3362553,3340216,3314183
229,경상남도,대전광역시,2650,2720,2598,2804,2877,150.8021005,539503587.6,1502227,1489936,1474870,1463882,1452251,3380404,3373988,3362553,3340216,3314183
230,경상남도,울산광역시,6977,6734,6987,6812,6646,89.41058823,1062327677,1165132,1155623,1148019,1136017,1121592,3380404,3373988,3362553,3340216,3314183
231,경상남도,세종특별자치시,1034,1149,978,977,993,165.9898183,464918346.3,280100,314126,340575,355831,371895,3380404,3373988,3362553,3340216,3314183
232,경상남도,경기도,17134,18377,18020,19216,19428,230.7411399,10196731503,12873895,13077153,13239666,13427014,13565450,3380404,3373988,3362553,3340216,3314183
233,경상남도,강원도,2475,2353,2471,2693,2725,173.581565,16829671465,1550142,1543052,1541502,1542840,1538492,3380404,3373988,3362553,3340216,3314183
234,경상남도,충청북도,2219,2642,2634,2605,2653,146.6384443,7406988695,1594432,1599252,1600007,1600837,1597427,3380404,3373988,3362553,3340216,3314183
235,경상남도,충청남도,4501,4254,3917,4087,4289,206.7738691,8246960405,2116770,2126282,2123709,2121029,2119257,3380404,3373988,3362553,3340216,3314183
236,경상남도,전라북도,2121,2059,2017,2133,2258,175.9435263,8072147335,1854607,1836832,1818917,1804104,1786855,3380404,3373988,3362553,3340216,3314183
237,경상남도,전라남도,4451,4451,4632,4810,4460,169.8964687,12358940175,1896424,1882970,1868745,1851549,1832803,3380404,3373988,3362553,3340216,3314183
238,경상남도,경상북도,9320,9014,9213,9085,9860,70.82342591,19034795138,2691706,2676831,2665836,2639422,2626609,3380404,3373988,3362553,3340216,3314183
239,경상남도,제주특별자치도,2533,2291,2201,2180,2138,254.4237574,1850278724,657083,667191,670989,674635,676759,3380404,3373988,3362553,3340216,3314183
240,제주특별자치도,서울특별시,7209,7720,8513,8704,8498,278.6175562,605243961.2,9857426,9765623,9729107,9668465,9509458,657083,667191,670989,674635,676759
241,제주특별자치도,부산광역시,2029,1980,2211,2532,2367,304.8249441,770170750.8,3470653,3441453,3413841,3391946,3350380,657083,667191,670989,674635,676759
242,제주특별자치도,대구광역시,1003,1032,1006,1082,1127,279.385616,883698218.6,2475231,2461769,2438031,2418346,2385412,657083,667191,670989,674635,676759
243,제주특별자치도,인천광역시,1552,1738,1946,1764,1825,269.6397498,1066465187,2948542,2954642,2957026,2942828,2948375,657083,667191,670989,674635,676759
244,제주특별자치도,광주광역시,898,926,910,1016,905,120.1135352,501113181.6,1463770,1459336,1456468,1450062,1441611,657083,667191,670989,674635,676759
245,제주특별자치도,대전광역시,688,689,723,719,773,216.817988,539503587.6,1502227,1489936,1474870,1463882,1452251,657083,667191,670989,674635,676759
246,제주특별자치도,울산광역시,403,470,565,534,499,342.4907071,1062327677,1165132,1155623,1148019,1136017,1121592,657083,667191,670989,674635,676759
247,제주특별자치도,세종특별자치시,255,333,322,308,360,219.8853795,464918346.3,280100,314126,340575,355831,371895,657083,667191,670989,674635,676759
248,제주특별자치도,경기도,6931,7779,7884,8298,8425,271.0805982,10196731503,12873895,13077153,13239666,13427014,13565450,657083,667191,670989,674635,676759
249,제주특별자치도,강원도,693,802,784,877,816,344.3771657,16829671465,1550142,1543052,1541502,1542840,1538492,657083,667191,670989,674635,676759
250,제주특별자치도,충청북도,754,783,839,846,871,252.9781929,7406988695,1594432,1599252,1600007,1600837,1597427,657083,667191,670989,674635,676759
251,제주특별자치도,충청남도,967,1002,1131,1143,1199,218.4508568,8246960405,2116770,2126282,2123709,2121029,2119257,657083,667191,670989,674635,676759
252,제주특별자치도,전라북도,768,902,1032,1007,986,166.8046103,8072147335,1854607,1836832,1818917,1804104,1786855,657083,667191,670989,674635,676759
253,제주특별자치도,전라남도,1102,1254,1302,1466,1326,111.1667149,12358940175,1896424,1882970,1868745,1851549,1832803,657083,667191,670989,674635,676759
254,제주특별자치도,경상북도,994,1146,1229,1181,1261,309.8992406,19034795138,2691706,2676831,2665836,2639422,2626609,657083,667191,670989,674635,676759
255,제주특별자치도,경상남도,1501,1780,1825,1861,1947,254.4237574,10541895014,3380404,3373988,3362553,3340216,3314183,657083,667191,670989,674635,676759
256,서울특별시,부산광역시,14484,13093,12805,13209,13078,282.8250192,770170750.8,3470653,3441453,3413841,3391946,3350380,9857426,9765623,9729107,9668465,9509458
257,서울특별시,대구광역시,8891,8446,7897,8792,8350,210.5496947,883698218.6,2475231,2461769,2438031,2418346,2385412,9857426,9765623,9729107,9668465,9509458
258,서울특별시,인천광역시,40485,41233,38571,39875,44859,33.67272392,1066465187,2948542,2954642,2957026,2942828,2948375,9857426,9765623,9729107,9668465,9509458
259,서울특별시,광주광역시,7932,7378,7014,7178,7145,160.8880494,501113181.6,1463770,1459336,1456468,1450062,1441611,9857426,9765623,9729107,9668465,9509458
260,서울특별시,대전광역시,11815,11591,10759,11033,11144,92.98881359,539503587.6,1502227,1489936,1474870,1463882,1452251,9857426,9765623,9729107,9668465,9509458
261,서울특별시,울산광역시,4260,4086,3827,4085,4065,294.5278485,1062327677,1165132,1155623,1148019,1136017,1121592,9857426,9765623,9729107,9668465,9509458
262,서울특별시,세종특별자치시,5813,5861,5919,5546,5580,79.22598199,464918346.3,280100,314126,340575,355831,371895,9857426,9765623,9729107,9668465,9509458
263,서울특별시,경기도,342433,368536,334293,375867,362116,7.914201399,10196731503,12873895,13077153,13239666,13427014,13565450,9857426,9765623,9729107,9668465,9509458
264,서울특별시,강원도,21016,19558,19105,20701,20974,141.9150137,16829671465,1550142,1543052,1541502,1542840,1538492,9857426,9765623,9729107,9668465,9509458
265,서울특별시,충청북도,13302,13406,12543,13068,13170,90.788624,7406988695,1594432,1599252,1600007,1600837,1597427,9857426,9765623,9729107,9668465,9509458
266,서울특별시,충청남도,21020,20426,18522,19814,20129,60.42985457,8246960405,2116770,2126282,2123709,2121029,2119257,9857426,9765623,9729107,9668465,9509458
267,서울특별시,전라북도,13179,11989,11058,11638,11906,116.8300123,8072147335,1854607,1836832,1818917,1804104,1786855,9857426,9765623,9729107,9668465,9509458
268,서울특별시,전라남도,12426,11209,11334,11210,11305,179.2841689,12358940175,1896424,1882970,1868745,1851549,1832803,9857426,9765623,9729107,9668465,9509458
269,서울특별시,경상북도,12464,12017,11935,11987,12568,219.9093462,19034795138,2691706,2676831,2665836,2639422,2626609,9857426,9765623,9729107,9668465,9509458
270,서울특별시,경상남도,12692,11703,11369,11647,11583,236.6554885,10541895014,3380404,3373988,3362553,3340216,3314183,9857426,9765623,9729107,9668465,9509458
271,서울특별시,제주특별자치도,10404,9829,8503,9214,9394,278.6175562,1850278724,657083,667191,670989,674635,676759,9857426,9765623,9729107,9668465,9509458
